Employee Id,Fname,Mname,Lname,Manager Id
1,Aaron,Giovanni,Mateo,
2,Abdiel,Giovanny,Mathew,1
3,Abdullah,Glen,Matteo,1
4,Abel,Glenn,Matthew,1
5,Abraham,Gonzalo,Maurice,1
6,Abram,Gordon,Mauricio,1
7,Adam,Grady,Maverick,1
8,Adan,Graham,Max,1
9,Addison,Grant,Maxim,1
10,Aden,Grayson,Maximilian,4
11,Aditya,Gregory,Maximillian,4
12,Adolfo,Greyson,Maximo,1
13,Adonis,Griffin,Maximus,5
14,Adrian,Guadalupe,Maxwell,4
15,Adriel,Guillermo,Mekhi,7
16,Adrien,Gunnar,Melvin,9
17,Agustin,Gunner,Micah,2
18,Ahmad,Gustavo,Michael,5
19,Ahmed,Guy,Micheal,7
20,Aidan,Haden,Miguel,2
21,Aiden,Hamza,Mike,9
22,Alan,Harley,Mikel,5
23,Albert,Harold,Miles,1
24,Alberto,Harrison,Milo,6
25,Alden,Harry,Milton,4
26,Aldo,Hassan,Misael,1
27,Alec,Hayden,Mitchel,5
28,Alejandro,Heath,Mitchell,7
29,Alessandro,Hector,Mohamed,8
30,Alex,Henry,Mohammad,6
31,Alexander,Herbert,Mohammed,3
32,Alexandre,Heriberto,Moises,7
33,Alexandro,Holden,Morgan,4
34,Alexis,Houston,Moses,8
35,Alexzander,Howard,Moshe,8
36,Alfonso,Hudson,Muhammad,5
37,Alfred,Hugh,Mustafa,5
38,Alfredo,Hugo,Myles,3
39,Ali,Humberto,Nash,9
40,Alijah,Hunter,Nasir,9
41,Allan,Ian,Nathan,7
42,Allen,Ibrahim,Nathanael,7
43,Alonso,Ignacio,Nathanial,8
44,Alonzo,Immanuel,Nathaniel,8
45,Alvaro,Irvin,Nathen,9
46,Alvin,Irving,Neal,2
47,Amari,Isaac,Nehemiah,5
48,Amarion,Isaak ,Neil,5
49,Amir,Layton,Nelson,8
50,Anderson,Lee,Nestor,1
51,Andre,Leo,Nicholas,3
52,Andres,Leon,Nick,5
53,Andrew,Leonard,Nickolas,6
54,Andy,Leonardo,Nico,2
55,Angel,Leonel,Nicolas ,7
56,Angelo,Leroy,Isai,4
57,Anthony,Levi,Isaiah,8
58,Antoine,Lewis,Isaias,6
59,Anton,Liam,Isiah,8
60,Antonio,Lincoln,Ismael,9
61,Antony,Lisandro,Israel,3
62,Antwan,Logan,Issac,5
63,Ari,London,Ivan,9
64,Ariel,Lonnie,Izaiah,2
65,Arjun,Lorenzo,Jabari,1
66,Armando,Louis,Jace,6
67,Armani,Luc,Jack,7
68,Arnold,Luca,Jackson,1
69,Aron,Lucas,Jacob,8
70,Arthur,Luciano,Jacoby,2
71,Arturo,Luis,Jaden,4
72,Aryan,Lukas,Jadon,3
73,Asa,Luke,Jadyn,2
74,Asher,Malachi,Jaeden,8
75,Ashton,Malakai,Jagger,6
76,Aubrey,Malcolm,Jaheem,9
77,August,Malik,Jaheim,7
78,Augustus,Manuel,Jahiem,3
79,Austen,Marc,Jaiden,7
80,Austin,Marcel,Jaime,3
81,Austyn,Marcelo,Jair,8
82,Avery,Marco,Jairo,3
83,Axel,Marcos,Jake,4
84,Ayden ,Marcus,Jakob,5
85,Ben,Mariano,Jakobe,7
86,Benjamin,Mario,Jalen,5
87,Bennett,Mark,Jamal,5
88,Benny,Markus,Jamar,6
89,Bernard,Marlon,Jamari,5
90,Bernardo,Marquez,Jamel,8
91,Bilal,Marquis,James,7
92,Billy,Marquise,Jameson,1
93,Blaine,Marshall,Jamie,1
94,Blaise,Martin,Jamil,4
95,Blake,Marvin,Jamir,3
96,Blaze,Mason ,Jamison,5
97,Bo,Conor,Jan,2
98,Bobby,Conrad,Jaquan,3
99,Brad,Cooper,Jaquez,5